author,download_url,volume,dl_label,dl_pwd,dl_update,dl_remark,novel_link,update,main,alt,reason,candidates
遥透子,https://raw.githubusercontent.com/ixinzhi/lightnovel-2025/master/网路上的『本命』跟现实中的『本命』都搬到隔壁来了(网络的『推』和现实的『推』搬到隔壁来了) - 遥透子 - 20251228.epub,,,,,,,2025-12-28,网路上的『本命』跟现实中的『本命』都搬到隔壁来了,网络的『推』和现实的『推』搬到隔壁来了,no_candidate,
云雀汤,https://raw.githubusercontent.com/ixinzhi/lightnovel-2025/master/恋爱什么的，真是无聊透顶。(所谓爱恋，无聊至极) - 云雀汤 - 20251217.epub,,,,,,,2025-12-17,恋爱什么的，真是无聊透顶。,所谓爱恋，无聊至极,no_candidate,
猫玄,https://raw.githubusercontent.com/ixinzhi/lightnovel-2025/master/关于我帮助迷路小女孩后，隔壁的美少女留学生开始来家里玩这件事 - 猫玄 - 20251213.epub,,,,,,,2025-12-13,关于我帮助迷路小女孩后，隔壁的美少女留学生开始来家里玩这件事,,no_candidate,
坂石游作,https://raw.githubusercontent.com/ixinzhi/lightnovel-2025/master/魔法使的搬运铺(魔法师的搬家公司／魔女货拉拉) - 坂石游作 - 20250812.epub,,,,,,,2025-08-12,魔法使的搬运铺,魔法师的搬家公司／魔女货拉拉,no_candidate,
伏见司,https://raw.githubusercontent.com/ixinzhi/lightnovel-2025/master/我那难以启齿的羞耻初恋(我的初恋太过羞耻无法对人诉说) - 伏见司 - 20250524.epub,,,,,,,2025-05-24,我那难以启齿的羞耻初恋,我的初恋太过羞耻无法对人诉说,no_candidate,
上远野浩平,https://raw.githubusercontent.com/ixinzhi/lightnovel-2025/master/恬不知耻的紫烟(不知耻的紫烟)-JOJO的奇妙冒险- - 上远野浩平 - 20250419.epub,,,,,,,2025-04-19,恬不知耻的紫烟(不知耻的紫烟)-JOJO的奇妙冒险-,,no_candidate,
风见鸡,https://raw.githubusercontent.com/ixinzhi/lightnovel-2025/master/放学后，到异世界咖啡厅喝杯咖啡(放学后的异世界咖啡馆) - 风见鸡 - 20250205.epub,,,,,,,2025-02-05,放学后，到异世界咖啡厅喝杯咖啡,放学后的异世界咖啡馆,no_candidate,
猫又ぬこ,https://raw.githubusercontent.com/ixinzhi/lightnovel-2025/master/重返青春的前妻是我的同班同学(和前妻重返同学时代) - 猫又ぬこ - 20250115.epub,,,,,,,2025-01-15,重返青春的前妻是我的同班同学,和前妻重返同学时代,no_candidate,
犬甘あんず,https://raw.githubusercontent.com/ixinzhi/lightnovel-2024/master/败给了性格恶劣的天才青梅，初体验全部被夺走这件事 - 犬甘あんず - 20241231.epub,,,,,,,2024-12-31,败给了性格恶劣的天才青梅，初体验全部被夺走这件事,,no_candidate,
纸城境介,https://raw.githubusercontent.com/ixinzhi/lightnovel-2024/master/Tier1姐妹 有名四姐妹没我就活不下去 - 纸城境介 - 20241223.epub,,,,,,,2024-12-23,Tier1姐妹 有名四姐妹没我就活不下去,,no_candidate,
有象利路,https://raw.githubusercontent.com/ixinzhi/lightnovel-2024/master/和组织的宿敌婚后生活超甜 - 有象利路 - 20241218.epub,,,,,,,2024-12-18,和组织的宿敌婚后生活超甜,,no_candidate,
水镜月圣,https://raw.githubusercontent.com/ixinzhi/lightnovel-2024/master/我们的『阅读理解』出错了 - 水镜月圣 - 20241114.epub,,,,,,,2024-11-14,我们的『阅读理解』出错了,,no_candidate,
いのり。,https://raw.githubusercontent.com/ixinzhi/lightnovel-2024/master/想要成为勇者的少女，与理应成为勇者的她 - いのり。 - 20241031.epub,,,,,,,2024-10-31,想要成为勇者的少女，与理应成为勇者的她,,no_candidate,
志马なにがし,https://raw.githubusercontent.com/ixinzhi/lightnovel-2023/master/与奔向透明之夜的你，谈一场看不见的恋爱 - 志马なにがし - 20231216.epub,,,,,,,2023-12-16,与奔向透明之夜的你，谈一场看不见的恋爱,,no_candidate,
枫原こうた,https://raw.githubusercontent.com/ixinzhi/lightnovel-2023/master/被弟控姐姐发现自己其实是最强魔法士。已经没法在学校里隐藏实力了 - 枫原こうた - 20231216.epub,,,,,,,2023-12-16,被弟控姐姐发现自己其实是最强魔法士。已经没法在学校里隐藏实力了,,no_candidate,
みかみてれん,https://raw.githubusercontent.com/ixinzhi/lightnovel-2023/master/我怎么可能成为你的恋人，不行不行！(※不是不可能！？) - みかみてれん - 20231215.epub,,,,,,,2023-12-15,我怎么可能成为你的恋人，不行不行！,※不是不可能！？,no_candidate,
羽田宇佐,https://raw.githubusercontent.com/ixinzhi/lightnovel-2023/master/一周一次买同学的那些事～两个人的时间，借口的五千元～ - 羽田宇佐 - 20231214.epub,,,,,,,2023-12-14,一周一次买同学的那些事～两个人的时间，借口的五千元～,,no_candidate,
三云岳斗,https://raw.githubusercontent.com/ixinzhi/lightnovel-2023/master/swords of stallion 被称为种马的最强骑士，受命去寝取邻国的公主 - 三云岳斗 - 20231214.epub,,,,,,,2023-12-14,swords of stallion 被称为种马的最强骑士，受命去寝取邻国的公主,,no_candidate,
雨川透子,https://raw.githubusercontent.com/ixinzhi/lightnovel-2023/master/轮回第7次的反派千金，在前敌国尽尝自由自在的新娘生活 - 雨川透子 - 20231213.epub,,,,,,,2023-12-13,轮回第7次的反派千金，在前敌国尽尝自由自在的新娘生活,,no_candidate,
みょん,https://raw.githubusercontent.com/ixinzhi/lightnovel-2023/master/转生成为游戏里夺走女主角的男性角色，但我绝不会对她出手 - みょん - 20231212.epub,,,,,,,2023-12-12,转生成为游戏里夺走女主角的男性角色，但我绝不会对她出手,,no_candidate,
鸦ぴえろ,https://raw.githubusercontent.com/ixinzhi/lightnovel-2023/master/少女执利兵于手，相战于交织希望的乐园战场 - 鸦ぴえろ - 20231211.epub,,,,,,,2023-12-11,少女执利兵于手，相战于交织希望的乐园战场,,no_candidate,
としぞう,https://raw.githubusercontent.com/ixinzhi/lightnovel-2023/master/关于被百合夹在中间的我，顺势脚踏两只船这件事 - としぞう - 20231117.epub,,,,,,,2023-11-17,关于被百合夹在中间的我，顺势脚踏两只船这件事,,no_candidate,
雨宫むぎ,https://raw.githubusercontent.com/ixinzhi/lightnovel-2023/master/和身为天才女演员的青梅竹马共演吻戏 - 雨宫むぎ - 20231111.epub,,,,,,,2023-11-11,和身为天才女演员的青梅竹马共演吻戏,,no_candidate,
编乃肌,https://raw.githubusercontent.com/ixinzhi/lightnovel-2023/master/世界第一『可爱』的是雨宫同学，第二是我。 - 编乃肌 - 20231107.epub,,,,,,,2023-11-07,世界第一『可爱』的是雨宫同学，第二是我。,,no_candidate,
冈田麿里,https://raw.githubusercontent.com/ixinzhi/lightnovel-2023/master/爱丽丝和特蕾丝的梦幻工厂(爱丽丝和特蕾丝的幻影工厂) - 冈田麿里 - 20231028.epub,,,,,,,2023-10-28,爱丽丝和特蕾丝的梦幻工厂,爱丽丝和特蕾丝的幻影工厂,no_candidate,
三田诚,https://raw.githubusercontent.com/ixinzhi/lightnovel-2023/master/君主·埃尔梅罗二世的冒险 - 三田诚 - 20231005.epub,,,,,,,2023-10-05,君主·埃尔梅罗二世的冒险,,no_candidate,
すめらぎひよこ,https://raw.githubusercontent.com/ixinzhi/lightnovel-2023/master/世界啊臣服于吾之火焰 - すめらぎひよこ - 20230911.epub,,,,,,,2023-09-11,世界啊臣服于吾之火焰,,no_candidate,
端樱了,https://raw.githubusercontent.com/ixinzhi/lightnovel-2023/master/在男子禁止的游戏世界里，我唯一该做的事情 - 端樱了 - 20230828.epub,,,,,,,2023-08-28,在男子禁止的游戏世界里，我唯一该做的事情,,no_candidate,
大小判,https://raw.githubusercontent.com/ixinzhi/lightnovel-2023/master/身为前贵族大小姐兼未婚妈妈，女儿们太可爱了就算当冒险者也一点都不辛苦 - 大小判 - 20230626.epub,,,,,,,2023-06-26,身为前贵族大小姐兼未婚妈妈，女儿们太可爱了就算当冒险者也一点都不辛苦,,no_candidate,
坂木持丸,https://raw.githubusercontent.com/ixinzhi/lightnovel-2023/master/0装备栏的最强剑士 但是、诅咒装备(可爱)的话能随意装9999个(我的诅咒装备不可能这么可爱) - 坂木持丸 - 20230511.epub,,,,,,,2023-05-11,0装备栏的最强剑士 但是、诅咒装备(可爱)的话能随意装9999个,我的诅咒装备不可能这么可爱,no_candidate,
のの原兔太,https://raw.githubusercontent.com/ixinzhi/lightnovel-2023/master/幸存炼金术师的城市慢活记(幸存炼金术师想在城里静静生活) - のの原兔太 - 20230505.epub,,,,,,,2023-05-05,幸存炼金术师的城市慢活记,幸存炼金术师想在城里静静生活,no_candidate,
真崎政宗,https://raw.githubusercontent.com/ixinzhi/lightnovel-2023/master/失败禁止！美少女的秘密不侧漏！(失败禁止！她的秘密不能泄漏！) - 真崎政宗 - 20230426.epub,,,,,,,2023-04-26,失败禁止！美少女的秘密不侧漏！,失败禁止！她的秘密不能泄漏！,no_candidate,
竹村优希,https://raw.githubusercontent.com/ixinzhi/lightnovel-2023/master/房仲菜鸟的凶宅事件簿(在丸之内就职后成了幽灵房屋负责人) - 竹村优希 - 20230420.epub,,,,,,,2023-04-20,房仲菜鸟的凶宅事件簿,在丸之内就职后成了幽灵房屋负责人,no_candidate,
逢缘奇演,https://raw.githubusercontent.com/ixinzhi/lightnovel-2023/master/妻子的妹妹是我的命中人 - 逢缘奇演 - 20230120.epub,,,,,,,2023-01-20,妻子的妹妹是我的命中人,,no_candidate,
jaki,https://raw.githubusercontent.com/ixinzhi/lightnovel-2023/master/最狂辅助职业【话术士】世界最强战团听我号令 - jaki - 20230119.epub,,,,,,,2023-01-19,最狂辅助职业【话术士】世界最强战团听我号令,,no_candidate,
雨宫和希,https://raw.githubusercontent.com/ixinzhi/lightnovel-2022/master/灰原君的青春二周目（NEW GAME+） - 雨宫和希 - 20221229.epub,,,,,,,2022-12-29,灰原君的青春二周目（NEW GAME+）,,no_candidate,
镰池和马,https://raw.githubusercontent.com/ixinzhi/lightnovel-2022/master/等级封顶的最强剑圣女碧翠斯也有弱点(让最强也感到困扰的爆级剑圣女贝亚特莉切的弱点) - 镰池和马 - 20221227.epub,,,,,,,2022-12-27,等级封顶的最强剑圣女碧翠斯也有弱点,让最强也感到困扰的爆级剑圣女贝亚特莉切的弱点,no_candidate,
世界一,https://raw.githubusercontent.com/ixinzhi/lightnovel-2022/master/好友角色的我怎么可能大受欢迎？(友人角色的我不可能这么受欢迎的吧) - 世界一 - 20221213.epub,,,,,,,2022-12-13,好友角色的我怎么可能大受欢迎？,友人角色的我不可能这么受欢迎的吧,no_candidate,
猿渡风见,https://raw.githubusercontent.com/ixinzhi/lightnovel-2022/master/高岭同学好像喜欢你喔 - 猿渡风见 - 20221208.epub,,,,,,,2022-12-08,高岭同学好像喜欢你喔,,no_candidate,
日暮茶坊,https://raw.githubusercontent.com/ixinzhi/lightnovel-2022/master/化为回忆的你～Memories Off～灯的城 - 日暮茶坊 - 20221207.epub,,,,,,,2022-12-07,化为回忆的你～Memories Off～灯的城,,no_candidate,
日暮茶坊,https://raw.githubusercontent.com/ixinzhi/lightnovel-2022/master/Memories Off～从今以后～Tea Party - 日暮茶坊 - 20221202.epub,,,,,,,2022-12-02,Memories Off～从今以后～Tea Party,,no_candidate,
ながワサビ64,https://raw.githubusercontent.com/ixinzhi/lightnovel-2022/master/未实装的最终boss成了伙伴 - ながワサビ64 - 20221127.epub,,,,,,,2022-11-27,未实装的最终boss成了伙伴,,no_candidate,
高畑京一郎,https://raw.githubusercontent.com/ixinzhi/lightnovel-2022/master/TIME LEAP——明日即昨天 - 高畑京一郎 - 20221117.epub,,,,,,,2022-11-17,TIME LEAP——明日即昨天,,no_candidate,
壁首领大公,https://raw.githubusercontent.com/ixinzhi/lightnovel-2022/master/理想的圣女？可惜，我是伪圣女！～转生成了年度最垃圾恶役～ - 壁首领大公 - 20221114.epub,,,,,,,2022-11-14,理想的圣女？可惜，我是伪圣女！～转生成了年度最垃圾恶役～,,no_candidate,
朝浦,https://raw.githubusercontent.com/ixinzhi/lightnovel-2022/master/Lycoris Recoil-Ordinary days-(莉可丽丝) - 朝浦 - 20221017.epub,,,,,,,2022-10-17,Lycoris Recoil-Ordinary days-,莉可丽丝,no_candidate,
结石,https://raw.githubusercontent.com/ixinzhi/lightnovel-2022/master/明明是因为惩罚游戏才向阴角的我告白的辣妹，怎么看都已经完全迷恋上我了啊 - 结石 - 20220927.epub,,,,,,,2022-09-27,明明是因为惩罚游戏才向阴角的我告白的辣妹，怎么看都已经完全迷恋上我了啊,,no_candidate,
御堂ユラギ,https://raw.githubusercontent.com/ixinzhi/lightnovel-2022/master/曾经对我造成过精神创伤的女性们又开始关注我，但可惜的是为时已晚 - 御堂ユラギ - 20220926.epub,,,,,,,2022-09-26,曾经对我造成过精神创伤的女性们又开始关注我，但可惜的是为时已晚,,no_candidate,
镜游,https://raw.githubusercontent.com/ixinzhi/lightnovel-2022/master/明明妹妹是不能做女友的 - 镜游 - 20220918.epub,,,,,,,2022-09-18,明明妹妹是不能做女友的,,no_candidate,
十夜,https://raw.githubusercontent.com/ixinzhi/lightnovel-2022/master/转生了的大圣女，拼死隐瞒自己身为圣女 - 十夜 - 20220831.epub,,,,,,,2022-08-31,转生了的大圣女，拼死隐瞒自己身为圣女,,no_candidate,
日暮茶坊,https://raw.githubusercontent.com/ixinzhi/lightnovel-2022/master/Memories Off 2nd~Dear Friend~ - 日暮茶坊 - 20220822.epub,,,,,,,2022-08-22,Memories Off 2nd~Dear Friend~,,no_candidate,
赤石赫々,https://raw.githubusercontent.com/ixinzhi/lightnovel-2022/master/獠牙千金 史上最强佣兵，成为史上最暴虐大小姐，称霸第二次的世界 - 赤石赫々 - 20220722.epub,,,,,,,2022-07-22,獠牙千金 史上最强佣兵，成为史上最暴虐大小姐，称霸第二次的世界,,no_candidate,
进行诸岛,https://raw.githubusercontent.com/ixinzhi/lightnovel-2022/master/转生贤者的异世界生活～取得第二职业，成为世界最强～ - 进行诸岛 - 20220715.epub,,,,,,,2022-07-15,转生贤者的异世界生活～取得第二职业，成为世界最强～,,no_candidate,
三月みどり,https://raw.githubusercontent.com/ixinzhi/lightnovel-2022/master/Shamer - 三月みどり - 20220710.epub,,,,,,,2022-07-10,Shamer,,no_candidate,
伏见司,https://raw.githubusercontent.com/ixinzhi/lightnovel-2022/master/我的妹妹哪有这么可爱(我的妹妹不可能那么可爱) - 伏见司 - 20220611.epub,,,,,,,2022-06-11,我的妹妹哪有这么可爱,我的妹妹不可能那么可爱,no_candidate,
知念实希人,https://raw.githubusercontent.com/ixinzhi/lightnovel-2022/master/天久鹰央的推理病历表 - 知念实希人 - 20220521.epub,,,,,,,2022-05-21,天久鹰央的推理病历表,,no_candidate,
えぞぎんぎつね,https://raw.githubusercontent.com/ixinzhi/lightnovel-2022/master/说出这边交给我你们先走以后十年过去成了传说。 - えぞぎんぎつね - 20220513.epub,,,,,,,2022-05-13,说出这边交给我你们先走以后十年过去成了传说。,,no_candidate,
ヤマモトタケシ,https://raw.githubusercontent.com/ixinzhi/lightnovel-2022/master/路人的我在你房间里做的事班里没人知道 - ヤマモトタケシ - 20220425.epub,,,,,,,2022-04-25,路人的我在你房间里做的事班里没人知道,,no_candidate,
ひびき游,https://raw.githubusercontent.com/ixinzhi/lightnovel-2022/master/复活后变成Lv1的朕为了活下去只好追求英雄少女了 - ひびき游 - 20220422.epub,,,,,,,2022-04-22,复活后变成Lv1的朕为了活下去只好追求英雄少女了,,no_candidate,
相崎壁际,https://raw.githubusercontent.com/ixinzhi/lightnovel-2022/master/请别来管我 不知为何她想改变孤狼这没救的高中生活 - 相崎壁际 - 20220225.epub,,,,,,,2022-02-25,请别来管我 不知为何她想改变孤狼这没救的高中生活,,no_candidate,
埴轮星人,https://raw.githubusercontent.com/ixinzhi/lightnovel-2022/master/Fairy Tale 幻想编年史～不懂察言观色的异世界生活～ - 埴轮星人 - 20220212.epub,,,,,,,2022-02-12,Fairy Tale 幻想编年史～不懂察言观色的异世界生活～,,no_candidate,
弥生志郎,https://raw.githubusercontent.com/ixinzhi/lightnovel-2022/master/和初恋的同级生成为家人之后，青梅竹马格外爱撒娇。 - 弥生志郎 - 20220129.epub,,,,,,,2022-01-29,和初恋的同级生成为家人之后，青梅竹马格外爱撒娇。,,no_candidate,
中村飒希,https://raw.githubusercontent.com/ixinzhi/lightnovel-2022/master/恶女不才，请多关照！～雏宫蝶鼠换身传～ - 中村飒希 - 20220105.epub,,,,,,,2022-01-05,恶女不才，请多关照！～雏宫蝶鼠换身传～,,no_candidate,
三上こた,https://raw.githubusercontent.com/ixinzhi/lightnovel-2021/master/和非常可爱的我交往吧！ - 三上こた - 20211217.epub,,,,,,,2021-12-17,和非常可爱的我交往吧！,,no_candidate,
黄波户井ショウリ,https://raw.githubusercontent.com/ixinzhi/lightnovel-2021/master/月收50万却觉得人生乏味的OL，用30万雇佣我对她说「你回来了」，这工作真是好赚 - 黄波户井ショウリ - 20211213.epub,,,,,,,2021-12-13,月收50万却觉得人生乏味的OL，用30万雇佣我对她说「你回来了」，这工作真是好赚,,no_candidate,
西条阳,https://raw.githubusercontent.com/ixinzhi/lightnovel-2021/master/我，当备胎女友就可以。 - 西条阳 - 20211204.epub,,,,,,,2021-12-04,我，当备胎女友就可以。,,no_candidate,
灿々SUN,https://raw.githubusercontent.com/ixinzhi/lightnovel-2021/master/邻座的艾琳同学偶尔会用俄语悄悄撒娇 - 灿々SUN - 20211201.epub,,,,,,,2021-12-01,邻座的艾琳同学偶尔会用俄语悄悄撒娇,,no_candidate,
天乃圣树,https://raw.githubusercontent.com/ixinzhi/lightnovel-2021/master/和班上最讨厌的女同学结婚 - 天乃圣树 - 20211127.epub,,,,,,,2021-11-27,和班上最讨厌的女同学结婚,,no_candidate,
菊石まれほ,https://raw.githubusercontent.com/ixinzhi/lightnovel-2021/master/Your Forma 电索官慧周与机械搭档 - 菊石まれほ - 20211126.epub,,,,,,,2021-11-26,Your Forma 电索官慧周与机械搭档,,no_candidate,
天河信彦,https://raw.githubusercontent.com/ixinzhi/lightnovel-2021/master/THE KING OF FANTASY八神庵的异世界无双 看到月亮就给我想起来！ - 天河信彦 - 20211125.epub,,,,,,,2021-11-25,THE KING OF FANTASY八神庵的异世界无双 看到月亮就给我想起来！,,no_candidate,
司,https://raw.githubusercontent.com/ixinzhi/lightnovel-2021/master/明日的世界星光闪耀 - 司 - 20211109.epub,,,,,,,2021-11-09,明日的世界星光闪耀,,no_candidate,
进行诸岛,https://raw.githubusercontent.com/ixinzhi/lightnovel-2021/master/失格纹的最强贤者～世界最强的贤者为了变得更强而转生了～ - 进行诸岛 - 20211104.epub,,,,,,,2021-11-04,失格纹的最强贤者～世界最强的贤者为了变得更强而转生了～,,no_candidate,
村崎幸也,https://raw.githubusercontent.com/ixinzhi/lightnovel-2021/master/异世界魔王与召唤少女的奴隶魔术(异界魔王与召唤少女的奴隶魔术) - 村崎幸也 - 20211101.epub,,,,,,,2021-11-01,异世界魔王与召唤少女的奴隶魔术,异界魔王与召唤少女的奴隶魔术,no_candidate,
刈野ミカタ,https://raw.githubusercontent.com/ixinzhi/lightnovel-2021/master/谁说尼特族在异世界就会认真工作？(以为到了异世界neet就会工作吗？) - 刈野ミカタ - 20211008.epub,,,,,,,2021-10-08,谁说尼特族在异世界就会认真工作？,以为到了异世界neet就会工作吗？,no_candidate,
恵比须清司,https://raw.githubusercontent.com/ixinzhi/lightnovel-2021/master/我喜欢的妹妹不是妹妹(我喜欢的是妹妹但不是妹妹) - 恵比须清司 - 20211002.epub,,,,,,,2021-10-02,我喜欢的妹妹不是妹妹,我喜欢的是妹妹但不是妹妹,no_candidate,
向原三吉,https://raw.githubusercontent.com/ixinzhi/lightnovel-2021/master/孤僻高冷的女生被我说教之后，一下子缠上了我 - 向原三吉 - 20211002.epub,,,,,,,2021-10-02,孤僻高冷的女生被我说教之后，一下子缠上了我,,no_candidate,
三云岳斗,https://raw.githubusercontent.com/ixinzhi/lightnovel-2021/master/虚幻王权 Corpse Reviver - 三云岳斗 - 20211001.epub,,,,,,,2021-10-01,虚幻王权 Corpse Reviver,,no_candidate,
永濑さらさ,https://raw.githubusercontent.com/ixinzhi/lightnovel-2021/master/重生大小姐正在攻略龙帝陛下 - 永濑さらさ - 20210927.epub,,,,,,,2021-09-27,重生大小姐正在攻略龙帝陛下,,no_candidate,
黑留ハガネ,https://raw.githubusercontent.com/ixinzhi/lightnovel-2021/master/没有与世界之暗战斗的秘密组织，所以我建立了一个（怒） - 黑留ハガネ - 20210913.epub,,,,,,,2021-09-13,没有与世界之暗战斗的秘密组织，所以我建立了一个（怒）,,no_candidate,
二日市とふろう,https://raw.githubusercontent.com/ixinzhi/lightnovel-2021/master/在现代社会当乙女游戏的恶役千金可有点麻烦 - 二日市とふろう - 20210901.epub,,,,,,,2021-09-01,在现代社会当乙女游戏的恶役千金可有点麻烦,,no_candidate,
マリパラ,https://raw.githubusercontent.com/ixinzhi/lightnovel-2021/master/妹妹的美少女朋友是个不谙世事的不良JK 照顾她后反倒缠上了我 - マリパラ - 20210821.epub,,,,,,,2021-08-21,妹妹的美少女朋友是个不谙世事的不良JK 照顾她后反倒缠上了我,,no_candidate,
公野樱子,https://raw.githubusercontent.com/ixinzhi/lightnovel-2021/master/LOVELIVE！School idol diary(校园偶像日记 μ’s活动日志) - 公野樱子 - 20210804.epub,,,,,,,2021-08-04,LOVELIVE！School idol diary,校园偶像日记 μ’s活动日志,no_candidate,
凪木エコ,https://raw.githubusercontent.com/ixinzhi/lightnovel-2021/master/大声喊“我想揉欧派”，结果和妹妹的朋友成为恋人了。 - 凪木エコ - 20210726.epub,,,,,,,2021-07-26,大声喊“我想揉欧派”，结果和妹妹的朋友成为恋人了。,,no_candidate,
雨音惠,https://raw.githubusercontent.com/ixinzhi/lightnovel-2021/master/替双亲还债的条件是和全日本最可爱的女高中生一起生活 - 雨音惠 - 20210714.epub,,,,,,,2021-07-14,替双亲还债的条件是和全日本最可爱的女高中生一起生活,,no_candidate,
明。,https://raw.githubusercontent.com/ixinzhi/lightnovel-2021/master/我才不是坏人大小姐，只是『普通』的公爵千金！ - 明。 - 20210708.epub,,,,,,,2021-07-08,我才不是坏人大小姐，只是『普通』的公爵千金！,,no_candidate,
黑狐尾花,https://raw.githubusercontent.com/ixinzhi/lightnovel-2021/master/学园阴阳师 高中生，安倍春明。踏上了阴阳师之道。 - 黑狐尾花 - 20210525.epub,,,,,,,2021-05-25,学园阴阳师 高中生，安倍春明。踏上了阴阳师之道。,,no_candidate,
深山铃,https://raw.githubusercontent.com/ixinzhi/lightnovel-2021/master/被勇者队伍开除的驯兽师，邂逅最强种的猫耳少女 - 深山铃 - 20210524.epub,,,,,,,2021-05-24,被勇者队伍开除的驯兽师，邂逅最强种的猫耳少女,,no_candidate,
徳山银次郎,https://raw.githubusercontent.com/ixinzhi/lightnovel-2021/master/严厉的女上司变回高中生后向我撒娇的理由~双向单相思的高中重来生活~ - 徳山银次郎 - 20210518.epub,,,,,,,2021-05-18,严厉的女上司变回高中生后向我撒娇的理由~双向单相思的高中重来生活~,,no_candidate,
羽场乐人,https://raw.githubusercontent.com/ixinzhi/lightnovel-2021/master/除了我以外，不许跟别人发生恋爱喜剧喔 - 羽场乐人 - 20210514.epub,,,,,,,2021-05-14,除了我以外，不许跟别人发生恋爱喜剧喔,,no_candidate,
森田季节,https://raw.githubusercontent.com/ixinzhi/lightnovel-2021/master/成为女贤者的光秀待在女勇者信长的队伍里面浑身不自在 - 森田季节 - 20210509.epub,,,,,,,2021-05-09,成为女贤者的光秀待在女勇者信长的队伍里面浑身不自在,,no_candidate,
岸马きらく,https://raw.githubusercontent.com/ixinzhi/lightnovel-2021/master/如果救下了准备跳楼的女高中生会怎样？ - 岸马きらく - 20210423.epub,,,,,,,2021-04-23,如果救下了准备跳楼的女高中生会怎样？,,no_candidate,
细音启,https://raw.githubusercontent.com/ixinzhi/lightnovel-2021/master/渴求游戏之神 - 细音启 - 20210411.epub,,,,,,,2021-04-11,渴求游戏之神,,no_candidate,
泽村治太郎,https://raw.githubusercontent.com/ixinzhi/lightnovel-2021/master/原世界第1的副角色育成日记~废人玩家，异世界攻略中~ - 泽村治太郎 - 20210405.epub,,,,,,,2021-04-05,原世界第1的副角色育成日记~废人玩家，异世界攻略中~,,no_candidate,
美雨音ハル,https://raw.githubusercontent.com/ixinzhi/lightnovel-2021/master/从圣女职位被开除后 不知为何幼女化成为了魔王的宠物 - 美雨音ハル - 20210404.epub,,,,,,,2021-04-04,从圣女职位被开除后 不知为何幼女化成为了魔王的宠物,,no_candidate,
舞阪洸,https://raw.githubusercontent.com/ixinzhi/lightnovel-2021/master/穿越时空的龙王与迈向灭亡的魔女之国(穿越龙王与步向灭亡的魔女之国) - 舞阪洸 - 20210403.epub,,,,,,,2021-04-03,穿越时空的龙王与迈向灭亡的魔女之国,穿越龙王与步向灭亡的魔女之国,no_candidate,
上川景,https://raw.githubusercontent.com/ixinzhi/lightnovel-2021/master/从被子弹击中的战场消失吧-子弹魔法与亡灵程序- - 上川景 - 20210328.epub,,,,,,,2021-03-28,从被子弹击中的战场消失吧-子弹魔法与亡灵程序-,,no_candidate,
みかみてれん,https://raw.githubusercontent.com/ixinzhi/lightnovel-2021/master/被百合夹击的女子有罪吗？(夹在百合中间的女人，有罪吗？) - みかみてれん - 20210307.epub,,,,,,,2021-03-07,被百合夹击的女子有罪吗？,夹在百合中间的女人，有罪吗？,no_candidate,
佐仓呗,https://raw.githubusercontent.com/ixinzhi/lightnovel-2021/master/面对摆出姐姐架子的初恋对象、我是绝对不会屈服的！ - 佐仓呗 - 20210214.epub,,,,,,,2021-02-14,面对摆出姐姐架子的初恋对象、我是绝对不会屈服的！,,no_candidate,
大崎アイル,https://raw.githubusercontent.com/ixinzhi/lightnovel-2021/master/和没有信徒的女神大人一起攻略异世界 - 大崎アイル - 20210210.epub,,,,,,,2021-02-10,和没有信徒的女神大人一起攻略异世界,,no_candidate,
わんこそば,https://raw.githubusercontent.com/ixinzhi/lightnovel-2021/master/努力过头的世界最强武斗家，在魔法世界轻松过生活 - わんこそば - 20210208.epub,,,,,,,2021-02-08,努力过头的世界最强武斗家，在魔法世界轻松过生活,,no_candidate,
榎本快晴,https://raw.githubusercontent.com/ixinzhi/lightnovel-2021/master/废材皇子们的皇位争让战～输到最后的一定是我！～ - 榎本快晴 - 20210205.epub,,,,,,,2021-02-05,废材皇子们的皇位争让战～输到最后的一定是我！～,,no_candidate,
蓝敦,https://raw.githubusercontent.com/ixinzhi/lightnovel-2021/master/废柴以魔王之姿闯荡异世界 有时作弊一下的悠哉旅程 - 蓝敦 - 20210130.epub,,,,,,,2021-01-30,废柴以魔王之姿闯荡异世界 有时作弊一下的悠哉旅程,,no_candidate,
知念实希人,https://raw.githubusercontent.com/ixinzhi/lightnovel-2021/master/天久鹰央的事件病历簿 - 知念实希人 - 20210117.epub,,,,,,,2021-01-17,天久鹰央的事件病历簿,,no_candidate,
ナカノムラアヤスケ,https://raw.githubusercontent.com/ixinzhi/lightnovel-2021/master/我要在勇者传说底下创造英雄传说～颠覆王道的英雄传～ - ナカノムラアヤスケ - 20210108.epub,,,,,,,2021-01-08,我要在勇者传说底下创造英雄传说～颠覆王道的英雄传～,,no_candidate,
丈月城,https://raw.githubusercontent.com/ixinzhi/lightnovel-2021/master/神域的弒神者们 - 丈月城 - 20210103.epub,,,,,,,2021-01-03,神域的弒神者们,,no_candidate,
はむばね,https://raw.githubusercontent.com/ixinzhi/lightnovel-2018to2020/master/助攻角色怎么可能会有女朋友(援助型角色怎么可能会有女朋友嘛) - はむばね - 20201231.epub,,,,,,,2020-12-31,助攻角色怎么可能会有女朋友,援助型角色怎么可能会有女朋友嘛,no_candidate,
天羽衣白一,https://raw.githubusercontent.com/ixinzhi/lightnovel-2018to2020/master/明明已经从最强职业《龙骑士》转职成初级职业《运货人》，不知为何仍然备受勇者们的信赖 - 天羽衣白一 - 20201119.epub,,,,,,,2020-11-19,明明已经从最强职业《龙骑士》转职成初级职业《运货人》，不知为何仍然备受勇者们的信赖,,no_candidate,
森田季节,https://raw.githubusercontent.com/ixinzhi/lightnovel-2018to2020/master/加入年轻人敬而远之的黑魔法公司，没想到工作待遇好，社长和使魔也超可爱，太棒了！ - 森田季节 - 20201113.epub,,,,,,,2020-11-13,加入年轻人敬而远之的黑魔法公司，没想到工作待遇好，社长和使魔也超可爱，太棒了！,,no_candidate,
铃木大辅,https://raw.githubusercontent.com/ixinzhi/lightnovel-2018to2020/master/虽然不确定你会不会喜欢我，但是我有自信爱上你 - 铃木大辅 - 20201108.epub,,,,,,,2020-11-08,虽然不确定你会不会喜欢我，但是我有自信爱上你,,no_candidate,
三木なずな,https://raw.githubusercontent.com/ixinzhi/lightnovel-2018to2020/master/虽然我是注定没落的贵族 闲来无事只好来深究魔法 - 三木なずな - 20201027.epub,,,,,,,2020-10-27,虽然我是注定没落的贵族 闲来无事只好来深究魔法,,no_candidate,
鸦ぴえろ,https://raw.githubusercontent.com/ixinzhi/lightnovel-2018to2020/master/转生王女与天才千金的魔法革命 - 鸦ぴえろ - 20201016.epub,,,,,,,2020-10-16,转生王女与天才千金的魔法革命,,no_candidate,
ツカサ,https://raw.githubusercontent.com/ixinzhi/lightnovel-2018to2020/master/明日的世界星光闪耀 - ツカサ - 20200926.epub,,,,,,,2020-09-26,明日的世界星光闪耀,,no_candidate,
ナフセ,https://raw.githubusercontent.com/ixinzhi/lightnovel-2018to2020/master/Rebuild World - ナフセ - 20200925.epub,,,,,,,2020-09-25,Rebuild World,,no_candidate,
鸭野うどん,https://raw.githubusercontent.com/ixinzhi/lightnovel-2018to2020/master/获得超弱技能「地图化」的少年跟最强队伍一起挑战迷宫 - 鸭野うどん - 20200920.epub,,,,,,,2020-09-20,获得超弱技能「地图化」的少年跟最强队伍一起挑战迷宫,,no_candidate,
福山阳士,https://raw.githubusercontent.com/ixinzhi/lightnovel-2018to2020/master/靠神兽们成为世界最强吧(和神兽（我）们在一起的话说不定能变成世界最强哟？) - 福山阳士 - 20200830.epub,,,,,,,2020-08-30,靠神兽们成为世界最强吧,和神兽（我）们在一起的话说不定能变成世界最强哟？,no_candidate,
伊濑ネキセ,https://raw.githubusercontent.com/ixinzhi/lightnovel-2018to2020/master/HELLO WORLD if ─世上最初的失恋者勘解由小路三铃─ - 伊濑ネキセ - 20200828.epub,,,,,,,2020-08-28,HELLO WORLD if ─世上最初的失恋者勘解由小路三铃─,,no_candidate,
镝木辽,https://raw.githubusercontent.com/ixinzhi/lightnovel-2018to2020/master/英雄转世为英雄之女目标再度成为英雄(重生英雄之女的英雄立志再度成为英雄) - 镝木辽 - 20200725.epub,,,,,,,2020-07-25,英雄转世为英雄之女目标再度成为英雄,重生英雄之女的英雄立志再度成为英雄,no_candidate,
岬鹭宫,https://raw.githubusercontent.com/ixinzhi/lightnovel-2018to2020/master/知道天空有多蓝的人啊 Alternative Melodies - 岬鹭宫 - 20200722.epub,,,,,,,2020-07-22,知道天空有多蓝的人啊 Alternative Melodies,,no_candidate,
晓雪,https://raw.githubusercontent.com/ixinzhi/lightnovel-2018to2020/master/今天开始靠萝莉吃软饭！(从今天起我就是萝莉的小白脸！) - 晓雪 - 20200715.epub,,,,,,,2020-07-15,今天开始靠萝莉吃软饭！,从今天起我就是萝莉的小白脸！,no_candidate,
三上延,https://raw.githubusercontent.com/ixinzhi/lightnovel-2018to2020/master/Shadow Taker：黑之彼方 - 三上延 - 20200711.epub,,,,,,,2020-07-11,Shadow Taker：黑之彼方,,no_candidate,
いかぽん,https://raw.githubusercontent.com/ixinzhi/lightnovel-2018to2020/master/魔术学院第一名毕业的我成为冒险者，真有那么奇怪吗？ - いかぽん - 20200625.epub,,,,,,,2020-06-25,魔术学院第一名毕业的我成为冒险者，真有那么奇怪吗？,,no_candidate,
ネコクロ,https://raw.githubusercontent.com/ixinzhi/lightnovel-2018to2020/master/身为没朋友的死宅的我，不知不觉间就被学院内屈指可数的美少女们包围了，成为了人们口中的现充 - ネコクロ - 20200607.epub,,,,,,,2020-06-07,身为没朋友的死宅的我，不知不觉间就被学院内屈指可数的美少女们包围了，成为了人们口中的现充,,no_candidate,
柑橘ゆすら,https://raw.githubusercontent.com/ixinzhi/lightnovel-2018to2020/master/劣等眼的转生魔术师 - 柑橘ゆすら - 20200427.epub,,,,,,,2020-04-27,劣等眼的转生魔术师,,no_candidate,
九曜,https://raw.githubusercontent.com/ixinzhi/lightnovel-2018to2020/master/与佐伯同学同住一个屋檐下 I＇ll have Sherbet！ - 九曜 - 20200422.epub,,,,,,,2020-04-22,与佐伯同学同住一个屋檐下 I＇ll have Sherbet！,,no_candidate,
宇野朴人,https://raw.githubusercontent.com/ixinzhi/lightnovel-2018to2020/master/发条精灵战记 天镜的极北之星(天镜的阿尔德拉民) - 宇野朴人 - 20200421.epub,,,,,,,2020-04-21,发条精灵战记 天镜的极北之星,天镜的阿尔德拉民,no_candidate,
紫ユウ,https://raw.githubusercontent.com/ixinzhi/lightnovel-2018to2020/master/关于学园的女神大人不知为何一直赖在我家这档事 - 紫ユウ - 20200415.epub,,,,,,,2020-04-15,关于学园的女神大人不知为何一直赖在我家这档事,,no_candidate,
らいと,https://raw.githubusercontent.com/ixinzhi/lightnovel-2018to2020/master/扮演成渣勇的我，不知为何被last boss看上并在一起生活了！ - らいと - 20200329.epub,,,,,,,2020-03-29,扮演成渣勇的我，不知为何被last boss看上并在一起生活了！,,no_candidate,
入间人间,https://raw.githubusercontent.com/ixinzhi/lightnovel-2018to2020/master/终将成为你 关于佐伯沙弥香(终将成为你 佐伯沙弥香的追忆) - 入间人间 - 20200323.epub,,,,,,,2020-03-23,终将成为你 关于佐伯沙弥香,终将成为你 佐伯沙弥香的追忆,no_candidate,
镜裕之,https://raw.githubusercontent.com/ixinzhi/lightnovel-2018to2020/master/高一就是异世界的城主(虽然才高一却在异世界当起城主) - 镜裕之 - 20200315.epub,,,,,,,2020-03-15,高一就是异世界的城主,虽然才高一却在异世界当起城主,no_candidate,
十和田シン,https://raw.githubusercontent.com/ixinzhi/lightnovel-2018to2020/master/东京食尸鬼(东京喰种)官方小说 - 十和田シン - 20200314.epub,,,,,,,2020-03-14,东京食尸鬼(东京喰种)官方小说,,no_candidate,
たきもとまさし,https://raw.githubusercontent.com/ixinzhi/lightnovel-2018to2020/master/Steins；Gate命运石之门(官方外传β世界线) - たきもとまさし - 20200314.epub,,,,,,,2020-03-14,Steins；Gate命运石之门,官方外传β世界线,ambiguous,1400 1431 2701
海法纪光,https://raw.githubusercontent.com/ixinzhi/lightnovel-2018to2020/master/ROBOTICS；NOTES 机器人笔记：濑乃宫美纱希的未发表手记 - 海法纪光 - 20200310.epub,,,,,,,2020-03-10,ROBOTICS；NOTES 机器人笔记：濑乃宫美纱希的未发表手记,,no_candidate,
中田かなた,https://raw.githubusercontent.com/ixinzhi/lightnovel-2018to2020/master/因为被卷入赌命游戏，所以顺势把讨厌的人杀了 - 中田かなた - 20200309.epub,,,,,,,2020-03-09,因为被卷入赌命游戏，所以顺势把讨厌的人杀了,,no_candidate,
柑橘ゆすら,https://raw.githubusercontent.com/ixinzhi/lightnovel-2018to2020/master/魔王的我与不死公主的戒指(魔王的我和不死姬的指环) - 柑橘ゆすら - 20200304.epub,,,,,,,2020-03-04,魔王的我与不死公主的戒指,魔王的我和不死姬的指环,no_candidate,
岩佐まもる,https://raw.githubusercontent.com/ixinzhi/lightnovel-2018to2020/master/Tales of Vesperia 薄暮传说 - 岩佐まもる - 20200303.epub,,,,,,,2020-03-03,Tales of Vesperia 薄暮传说,,no_candidate,
镜贵也,https://raw.githubusercontent.com/ixinzhi/lightnovel-2018to2020/master/终结的炽天使 一濑红莲，破灭的16岁(终结的炽天使 一濑红莲16岁的破灭) - 镜贵也 - 20200229.epub,,,,,,,2020-02-29,终结的炽天使 一濑红莲，破灭的16岁,终结的炽天使 一濑红莲16岁的破灭,no_candidate,
王雀孙,https://raw.githubusercontent.com/ixinzhi/lightnovel-2018to2020/master/尚未开始的末日战争与我们那已经结束的青春闹剧 - 王雀孙 - 20200229.epub,,,,,,,2020-02-29,尚未开始的末日战争与我们那已经结束的青春闹剧,,no_candidate,
绫里惠史,https://raw.githubusercontent.com/ixinzhi/lightnovel-2018to2020/master/魔兽调教师 茨卡伊·J·马克劳德的事件录｛兽之王如是说｝ - 绫里惠史 - 20200229.epub,,,,,,,2020-02-29,魔兽调教师 茨卡伊·J·马克劳德的事件录｛兽之王如是说｝,,no_candidate,
三木一马,https://raw.githubusercontent.com/ixinzhi/lightnovel-2018to2020/master/只要有趣就够了！发行累计6000万册──编辑工作目录 - 三木一马 - 20200218.epub,,,,,,,2020-02-18,只要有趣就够了！发行累计6000万册──编辑工作目录,,no_candidate,
三田诚,https://raw.githubusercontent.com/ixinzhi/lightnovel-2018to2020/master/艾梅洛阁下Ⅱ世事件簿(Lord·埃尔梅罗二世事件簿) - 三田诚 - 20200216.epub,,,,,,,2020-02-16,艾梅洛阁下Ⅱ世事件簿,Lord·埃尔梅罗二世事件簿,no_candidate,
渡航,https://raw.githubusercontent.com/ixinzhi/lightnovel-2018to2020/master/Qualidea Code 心灵代码 - 渡航 - 20200202.epub,,,,,,,2020-02-02,Qualidea Code 心灵代码,,no_candidate,
竹村优希,https://raw.githubusercontent.com/ixinzhi/lightnovel-2018to2020/master/房仲菜鸟的凶宅事件簿 - 竹村优希 - 20191222.epub,,,,,,,2019-12-22,房仲菜鸟的凶宅事件簿,,no_candidate,
川添枯美,https://raw.githubusercontent.com/ixinzhi/lightnovel-2018to2020/master/我们的沟通力堪称是校园异能对决LOVE or LIKE？ - 川添枯美 - 20191212.epub,,,,,,,2019-12-12,我们的沟通力堪称是校园异能对决LOVE or LIKE？,,no_candidate,
三河ごーすと,https://raw.githubusercontent.com/ixinzhi/lightnovel-2018to2020/master/逆转召唤～全校被召唤到连隐藏设定我都了若指掌的异世界～ - 三河ごーすと - 20191204.epub,,,,,,,2019-12-04,逆转召唤～全校被召唤到连隐藏设定我都了若指掌的异世界～,,no_candidate,
赤城大空,https://raw.githubusercontent.com/ixinzhi/lightnovel-2018to2020/master/下流梗不存在的灰暗世界(没有黄段子的无聊世界) - 赤城大空 - 20191124.epub,,,,,,,2019-11-24,下流梗不存在的灰暗世界,没有黄段子的无聊世界,no_candidate,
淡群赤光,https://raw.githubusercontent.com/ixinzhi/lightnovel-2018to2020/master/我的骁勇威震天地 - 淡群赤光 - 20191029.epub,,,,,,,2019-10-29,我的骁勇威震天地,,no_candidate,
タンバ,https://raw.githubusercontent.com/ixinzhi/lightnovel-2018to2020/master/最强出涸皇子的暗跃帝位争夺 - タンバ - 20191001.epub,,,,,,,2019-10-01,最强出涸皇子的暗跃帝位争夺,,no_candidate,
樋辻卧命,https://raw.githubusercontent.com/ixinzhi/lightnovel-2018to2020/master/异世界魔法实在太落后!(异世界的魔法太落后了！) - 樋辻卧命 - 20190913.epub,,,,,,,2019-09-13,异世界魔法实在太落后!,异世界的魔法太落后了！,no_candidate,
榎本快晴,https://raw.githubusercontent.com/ixinzhi/lightnovel-2018to2020/master/莫名成为邪龙的五千岁草食龙～这个祭品都不听人说话～ - 榎本快晴 - 20190906.epub,,,,,,,2019-09-06,莫名成为邪龙的五千岁草食龙～这个祭品都不听人说话～,,no_candidate,
FUNA,https://raw.githubusercontent.com/ixinzhi/lightnovel-2018to2020/master/靠著魔法药水在异世界活下去！ - FUNA - 20190903.epub,,,,,,,2019-09-03,靠著魔法药水在异世界活下去！,,no_candidate,
藤井三打,https://raw.githubusercontent.com/ixinzhi/lightnovel-2018to2020/master/Dies irae～Song to the Witch～(神怒之日外传小说) - 藤井三打 - 20190727.epub,,,,,,,2019-07-27,Dies irae～Song to the Witch～,神怒之日外传小说,no_candidate,
すかぢ,https://raw.githubusercontent.com/ixinzhi/lightnovel-2018to2020/master/幼女大人与零级守护者大人(幼女大人和零级守护者大人) - すかぢ - 20190721.epub,,,,,,,2019-07-21,幼女大人与零级守护者大人,幼女大人和零级守护者大人,no_candidate,
乙野四方字,https://raw.githubusercontent.com/ixinzhi/lightnovel-2018to2020/master/致深爱你的那个我／致我深爱的每个你(致爱上你的唯一的我／致我所爱的全部的你) - 乙野四方字 - 20190717.epub,,,,,,,2019-07-17,致深爱你的那个我／致我深爱的每个你,致爱上你的唯一的我／致我所爱的全部的你,no_candidate,
海道左近,https://raw.githubusercontent.com/ixinzhi/lightnovel-2018to2020/master/无尽连锁 - 海道左近 - 20190628.epub,,,,,,,2019-06-28,无尽连锁,,no_candidate,
峰守ひろかず,https://raw.githubusercontent.com/ixinzhi/lightnovel-2018to2020/master/古书堂事件手帖外传 小口同学与我的文现对战社活动日志 - 峰守ひろかず - 20190604.epub,,,,,,,2019-06-04,古书堂事件手帖外传 小口同学与我的文现对战社活动日志,,no_candidate,
诸星悠,https://raw.githubusercontent.com/ixinzhi/lightnovel-2018to2020/master/空战魔导士培训生的教官(空战魔导士候补生的教官) - 诸星悠 - 20190515.epub,,,,,,,2019-05-15,空战魔导士培训生的教官,空战魔导士候补生的教官,no_candidate,
手岛史词,https://raw.githubusercontent.com/ixinzhi/lightnovel-2018to2020/master/不会飞的蝴蝶与天空之鯱(无法飞翔的蝴蝶与天空的逆戟鲸) - 手岛史词 - 20190320.epub,,,,,,,2019-03-20,不会飞的蝴蝶与天空之鯱,无法飞翔的蝴蝶与天空的逆戟鲸,no_candidate,
天泽夏月,https://raw.githubusercontent.com/ixinzhi/lightnovel-2018to2020/master/八月的尾声，宛如世界末日。(八月的终点，定与世界的终末相似) - 天泽夏月 - 20190103.epub,,,,,,,2019-01-03,八月的尾声，宛如世界末日。,八月的终点，定与世界的终末相似,no_candidate,
月夜泪,https://raw.githubusercontent.com/ixinzhi/lightnovel-2018to2020/master/魔王筑城记！ - 月夜泪 - 20181225.epub,,,,,,,2018-12-25,魔王筑城记！,,no_candidate,
サトウとシオ,https://raw.githubusercontent.com/ixinzhi/lightnovel-2018to2020/master/比方说，这是个出身魔王关附近的少年在新手村生活的故事 - サトウとシオ - 20181216.epub,,,,,,,2018-12-16,比方说，这是个出身魔王关附近的少年在新手村生活的故事,,no_candidate,
濑户メグル,https://raw.githubusercontent.com/ixinzhi/lightnovel-2018to2020/master/只有我进入的隐藏地下城～悄悄锻炼成为世界最强～ - 濑户メグル - 20181215.epub,,,,,,,2018-12-15,只有我进入的隐藏地下城～悄悄锻炼成为世界最强～,,no_candidate,
のの原兔太,https://raw.githubusercontent.com/ixinzhi/lightnovel-2018to2020/master/幸存炼金术师想在城里静静生活 - のの原兔太 - 20181106.epub,,,,,,,2018-11-06,幸存炼金术师想在城里静静生活,,no_candidate,
橘公司,https://raw.githubusercontent.com/ixinzhi/lightnovel-2018to2020/master/为了拯救世界的那一天─Qualidea Code─(为了终有一天能拯救世界) - 橘公司 - 20181106.epub,,,,,,,2018-11-06,为了拯救世界的那一天─Qualidea Code─,为了终有一天能拯救世界,no_candidate,
野村美月,https://raw.githubusercontent.com/ixinzhi/lightnovel-2018to2020/master/成为吸血鬼的你开始一段永恒的爱(化身吸血鬼的你开始永远的爱恋) - 野村美月 - 20181031.epub,,,,,,,2018-10-31,成为吸血鬼的你开始一段永恒的爱,化身吸血鬼的你开始永远的爱恋,no_candidate,
雪瀬ひうろ,https://raw.githubusercontent.com/ixinzhi/lightnovel-2018to2020/master/爱原葻的秘密烦恼 如何战胜能暂停时间的超能力者？ - 雪瀬ひうろ - 20181026.epub,,,,,,,2018-10-26,爱原葻的秘密烦恼 如何战胜能暂停时间的超能力者？,,no_candidate,
映岛巡,https://raw.githubusercontent.com/ixinzhi/lightnovel-2018to2020/master/尼尔：自动人形 长话 - 映岛巡 - 20181003.epub,,,,,,,2018-10-03,尼尔：自动人形 长话,,no_candidate,
米泽穗信,https://raw.githubusercontent.com/ixinzhi/lightnovel-2018to2020/master/真相的十公尺前 - 米泽穗信 - 20180809.epub,,,,,,,2018-08-09,真相的十公尺前,,no_candidate,
三上延,https://raw.githubusercontent.com/ixinzhi/lightnovel-2018to2020/master/古书堂事件手帖(彼布利亚古书堂事件记事簿) - 三上延 - 20180805.epub,,,,,,,2018-08-05,古书堂事件手帖,彼布利亚古书堂事件记事簿,no_candidate,
すかぢ,https://raw.githubusercontent.com/ixinzhi/lightnovel-2018to2020/master/幼女大人和零级守护者大人 - すかぢ - 20180718.epub,,,,,,,2018-07-18,幼女大人和零级守护者大人,,no_candidate,
笕千里,https://raw.githubusercontent.com/ixinzhi/lightnovel-2018to2020/master/公爵千金是62岁骑士团长的嫩妻(公爵千金是骑士团长(62)的幼妻) - 笕千里 - 20180717.epub,,,,,,,2018-07-17,公爵千金是62岁骑士团长的嫩妻(公爵千金是骑士团长,62)的幼妻,no_candidate,
木崎千秋,https://raw.githubusercontent.com/ixinzhi/lightnovel-2018to2020/master/博多豚骨拉面 - 木崎千秋 - 20180322.epub,,,,,,,2018-03-22,博多豚骨拉面,,no_candidate,
三河ごーすと,https://raw.githubusercontent.com/ixinzhi/lightnovel-2018to2020/master/不需要现代魔法的魔术师 和女仆一同开创第二次传说 - 三河ごーすと - 20180313.epub,,,,,,,2018-03-13,不需要现代魔法的魔术师 和女仆一同开创第二次传说,,no_candidate,
海法纪光,https://raw.githubusercontent.com/ixinzhi/lightnovel-2018to2020/master/机器人笔记：濑乃宫美纱希的未发表手记 - 海法纪光 - 20180309.epub,,,,,,,2018-03-09,机器人笔记：濑乃宫美纱希的未发表手记,,no_candidate,
朝野始,https://raw.githubusercontent.com/ixinzhi/lightnovel-2018to2020/master/学年第一的千金大小姐在1年内成绩大幅下滑变成辣妹 - 朝野始 - 20180301.epub,,,,,,,2018-03-01,学年第一的千金大小姐在1年内成绩大幅下滑变成辣妹,,no_candidate,
武田绫乃,https://raw.githubusercontent.com/ixinzhi/lightnovel-2018to2020/master/吹响吧！上低音号 欢迎来到立华高校舞奏队 - 武田绫乃 - 20180217.epub,,,,,,,2018-02-17,吹响吧！上低音号 欢迎来到立华高校舞奏队,,no_candidate,
冈泽六十四,https://raw.githubusercontent.com/ixinzhi/lightnovel-2018to2020/master/堕落邪恶组织，拥抱美少女大胜利!(坠入邪道后左拥右抱成了赢家!!) - 冈泽六十四 - 20180126.epub,,,,,,,2018-01-26,堕落邪恶组织，拥抱美少女大胜利!,坠入邪道后左拥右抱成了赢家!!,no_candidate,
南房秀久,https://raw.githubusercontent.com/ixinzhi/lightnovel-2014to2017/master/高贵魔女 - 南房秀久 - 20171203.epub,,,,,,,2017-12-03,高贵魔女,,no_candidate,
时雨泽惠一,https://raw.githubusercontent.com/ixinzhi/lightnovel-2014to2017/master/身为男高中生兼当红轻小说作家的我，正被年纪比我小且从事声优工作的女同学掐住脖子 - 时雨泽惠一 - 20170920.epub,,,,,,,2017-09-20,身为男高中生兼当红轻小说作家的我，正被年纪比我小且从事声优工作的女同学掐住脖子,,no_candidate,
秀章,https://raw.githubusercontent.com/ixinzhi/lightnovel-2014to2017/master/旅团粉碎机的那女孩如果被我已读无视了会露出什么表情呢 - 秀章 - 20170910.epub,,,,,,,2017-09-10,旅团粉碎机的那女孩如果被我已读无视了会露出什么表情呢,,no_candidate,
镜游,https://raw.githubusercontent.com/ixinzhi/lightnovel-2014to2017/master/最强冒险小队因烂透爱情喜剧而全灭了啦!？(最强小队因遗憾的爱情喜剧要遭至团灭!？) - 镜游 - 20170908.epub,,,,,,,2017-09-08,最强冒险小队因烂透爱情喜剧而全灭了啦!？,最强小队因遗憾的爱情喜剧要遭至团灭!？,no_candidate,
赤福大和,https://raw.githubusercontent.com/ixinzhi/lightnovel-2014to2017/master/我的文艺社里不可能会有BITCH(我的文艺部里不可能会有bitch) - 赤福大和 - 20170828.epub,,,,,,,2017-08-28,我的文艺社里不可能会有BITCH,我的文艺部里不可能会有bitch,no_candidate,
乙野四方字,https://raw.githubusercontent.com/ixinzhi/lightnovel-2014to2017/master/致爱上你的唯一的我／致我所爱的全部的你 - 乙野四方字 - 20170713.epub,,,,,,,2017-07-13,致爱上你的唯一的我／致我所爱的全部的你,,no_candidate,
藤まる,https://raw.githubusercontent.com/ixinzhi/lightnovel-2014to2017/master/我将在明日逝去，而你将死而复生(明天，我会死去，你将重生) - 藤まる - 20170711.epub,,,,,,,2017-07-11,我将在明日逝去，而你将死而复生,明天，我会死去，你将重生,no_candidate,
久远侑,https://raw.githubusercontent.com/ixinzhi/lightnovel-2014to2017/master/距离太近，关系太远的十七岁(十七岁的他们，如此接近又如此遥远) - 久远侑 - 20170505.epub,,,,,,,2017-05-05,距离太近，关系太远的十七岁,十七岁的他们，如此接近又如此遥远,no_candidate,
晓雪,https://raw.githubusercontent.com/ixinzhi/lightnovel-2014to2017/master/异世界和我，你喜欢哪个？(异世界和我，你喜欢哪一个？) - 晓雪 - 20170206.epub,,,,,,,2017-02-06,异世界和我，你喜欢哪个？,异世界和我，你喜欢哪一个？,no_candidate,
九头龙郁流,https://raw.githubusercontent.com/ixinzhi/lightnovel-2014to2017/master/向北。总有一天与你相会……(White Illumination前传) - 九头龙郁流 - 20170206.epub,,,,,,,2017-02-06,向北。总有一天与你相会……,White Illumination前传,no_candidate,
るーすぼーい,https://raw.githubusercontent.com/ixinzhi/lightnovel-2014to2017/master/白蝶记—怎样才能冲破牢狱，如何让你重拾笑容— - るーすぼーい - 20170117.epub,,,,,,,2017-01-17,白蝶记—怎样才能冲破牢狱，如何让你重拾笑容—,,no_candidate,
月岛雅也,https://raw.githubusercontent.com/ixinzhi/lightnovel-2014to2017/master/白色相簿2(WHITE ALBUM2 白雪交织的旋律) - 月岛雅也 - 20161226.epub,,,,,,,2016-12-26,白色相簿2,WHITE ALBUM2 白雪交织的旋律,no_candidate,
赤城大空,https://raw.githubusercontent.com/ixinzhi/lightnovel-2014to2017/master/第二次的夏天，无法再会的你 - 赤城大空 - 20161221.epub,,,,,,,2016-12-21,第二次的夏天，无法再会的你,,no_candidate,
镜贵也,https://raw.githubusercontent.com/ixinzhi/lightnovel-2014to2017/master/终结的炽天使 一濑红莲16岁的破灭 - 镜贵也 - 20161218.epub,,,,,,,2016-12-18,终结的炽天使 一濑红莲16岁的破灭,,no_candidate,
海法纪光,https://raw.githubusercontent.com/ixinzhi/lightnovel-2014to2017/master/STEINS；GATE 线性拘束的镶嵌性 - 海法纪光 - 20161101.epub,,,,,,,2016-11-01,STEINS；GATE 线性拘束的镶嵌性,,no_candidate,
なめこ印,https://raw.githubusercontent.com/ixinzhi/lightnovel-2014to2017/master/我与她互为奴仆的主从契约(我和她的下仆奴隶主从契约) - なめこ印 - 20160901.epub,,,,,,,2016-09-01,我与她互为奴仆的主从契约,我和她的下仆奴隶主从契约,no_candidate,
七泽またり,https://raw.githubusercontent.com/ixinzhi/lightnovel-2014to2017/master/被称为勇者亦或是怪物的少女(勇者或是被称为怪物的少女) - 七泽またり - 20160815.epub,,,,,,,2016-08-15,被称为勇者亦或是怪物的少女,勇者或是被称为怪物的少女,no_candidate,
相乐总 渡航,https://raw.githubusercontent.com/ixinzhi/lightnovel-2014to2017/master/废材与金币的库洛迪亚(废物与金币的qualidea) - 相乐总 渡航 - 20160726.epub,,,,,,,2016-07-26,废材与金币的库洛迪亚,废物与金币的qualidea,no_candidate,
细音启,https://raw.githubusercontent.com/ixinzhi/lightnovel-2014to2017/master/S.I.R.E.N.次世代生物统合研究特区(次世代新生物统合研究特区) - 细音启 - 20160705.epub,,,,,,,2016-07-05,S.I.R.E.N.次世代生物统合研究特区,次世代新生物统合研究特区,no_candidate,
弥生志郎,https://raw.githubusercontent.com/ixinzhi/lightnovel-2014to2017/master/就算明天见不到今天的你(明天，即便不能与今天的你相见) - 弥生志郎 - 20160406.epub,,,,,,,2016-04-06,就算明天见不到今天的你,明天，即便不能与今天的你相见,no_candidate,
山本充实,https://raw.githubusercontent.com/ixinzhi/lightnovel-2014to2017/master/每个女孩都有不可告人的秘密(女生有着不管对谁都不能说的秘密哟！) - 山本充实 - 20150925.epub,,,,,,,2015-09-25,每个女孩都有不可告人的秘密,女生有着不管对谁都不能说的秘密哟！,no_candidate,
海羽超史郎,https://raw.githubusercontent.com/ixinzhi/lightnovel-2014to2017/master/命运石之门 Steins；Gate比翼连理的非恋人 - 海羽超史郎 - 20150907.epub,,,,,,,2015-09-07,命运石之门 Steins；Gate比翼连理的非恋人,,no_candidate,
三川美里,https://raw.githubusercontent.com/ixinzhi/lightnovel-2014to2017/master/Sugar Apple Fairy Tale - 三川美里 - 20150907.epub,,,,,,,2015-09-07,Sugar Apple Fairy Tale,,no_candidate,
镰池和马,https://raw.githubusercontent.com/ixinzhi/lightnovel-2014to2017/master/魔法重装座敷童子的简单杀人妃新婚生活(某魔法的重装座敷童子的简单的杀人妃的婚前准备) - 镰池和马 - 20150902.epub,,,,,,,2015-09-02,魔法重装座敷童子的简单杀人妃新婚生活,某魔法的重装座敷童子的简单的杀人妃的婚前准备,no_candidate,
崔智寅,https://raw.githubusercontent.com/ixinzhi/lightnovel-2014to2017/master/[韩轻]反逆骑士的圣女篡夺 - 崔智寅 - 20150825.epub,,,,,,,2015-08-25,[韩轻]反逆骑士的圣女篡夺,,no_candidate,
三浦紫苑,https://raw.githubusercontent.com/ixinzhi/lightnovel-2014to2017/master/真幌站前番外地 - 三浦紫苑 - 20150615.epub,,,,,,,2015-06-15,真幌站前番外地,,no_candidate,
深见真,https://raw.githubusercontent.com/ixinzhi/lightnovel-2014to2017/master/开门铳外交官与龙之国大使馆(开门铳的外交官与龙之国的大使馆) - 深见真 - 20150406.epub,,,,,,,2015-04-06,开门铳外交官与龙之国大使馆,开门铳的外交官与龙之国的大使馆,no_candidate,
小川晴央,https://raw.githubusercontent.com/ixinzhi/lightnovel-2014to2017/master/我成了校园怪谈的原因(我成为七大不可思议的意义) - 小川晴央 - 20141218.epub,,,,,,,2014-12-18,我成了校园怪谈的原因,我成为七大不可思议的意义,no_candidate,
朝野始,https://raw.githubusercontent.com/ixinzhi/lightnovel-2014to2017/master/桃音汐音的轻小说日记 - 朝野始 - 20141125.epub,,,,,,,2014-11-25,桃音汐音的轻小说日记,,no_candidate,
镰池和马,https://raw.githubusercontent.com/ixinzhi/lightnovel-2014to2017/master/魔法禁书目录剧场版 通向恩底尼翁之路 - 镰池和马 - 20141113.epub,,,,,,,2014-11-13,魔法禁书目录剧场版 通向恩底尼翁之路,,no_candidate,
秋目人,https://raw.githubusercontent.com/ixinzhi/lightnovel-2014to2017/master/女性向游戏攻略对象竟是我(当上乙女游戏的攻略对象了) - 秋目人 - 20141104.epub,,,,,,,2014-11-04,女性向游戏攻略对象竟是我,当上乙女游戏的攻略对象了,no_candidate,
田尾典丈,https://raw.githubusercontent.com/ixinzhi/lightnovel-2014to2017/master/金女友、银女友还是普通女友？(我和她、她还有她) - 田尾典丈 - 20141011.epub,,,,,,,2014-10-11,金女友、银女友还是普通女友？,我和她、她还有她,no_candidate,
冬木冬树,https://raw.githubusercontent.com/ixinzhi/lightnovel-2014to2017/master/无气力勇者与好奇的魔王(颓废勇者和好奇心魔王) - 冬木冬树 - 20140730.epub,,,,,,,2014-07-30,无气力勇者与好奇的魔王,颓废勇者和好奇心魔王,no_candidate,
三木なずな,https://raw.githubusercontent.com/ixinzhi/lightnovel-2014to2017/master/珍爱物语！一觉醒来爱我的妹妹竟然变得比我大 - 三木なずな - 20140721.epub,,,,,,,2014-07-21,珍爱物语！一觉醒来爱我的妹妹竟然变得比我大,,no_candidate,
清水文化,https://raw.githubusercontent.com/ixinzhi/lightnovel-2014to2017/master/守护灵系列(前门有好胜巫女 后门有没用守护灵) - 清水文化 - 20140713.epub,,,,,,,2014-07-13,守护灵系列,前门有好胜巫女 后门有没用守护灵,no_candidate,
森田阳一,https://raw.githubusercontent.com/ixinzhi/lightnovel-2014to2017/master/双胞胎与青梅竹马的四人命案(双子与青梅竹马的四杀) - 森田阳一 - 20140707.epub,,,,,,,2014-07-07,双胞胎与青梅竹马的四人命案,双子与青梅竹马的四杀,no_candidate,
阿部智里,https://raw.githubusercontent.com/ixinzhi/lightnovel-2014to2017/master/乌鸦姬不宜穿华裳 - 阿部智里 - 20140628.epub,,,,,,,2014-06-28,乌鸦姬不宜穿华裳,,no_candidate,
成田良悟,https://raw.githubusercontent.com/ixinzhi/lightnovel-2014to2017/master/BLEACH Spirits Are Forever With You(死神外传小说) - 成田良悟 - 20140507.epub,,,,,,,2014-05-07,BLEACH Spirits Are Forever With You,死神外传小说,no_candidate,
藤谷ある,https://raw.githubusercontent.com/ixinzhi/lightnovel-2014to2017/master/我的现实与网游被恋爱喜剧侵蚀了(不妙我的现实和网游正被浪漫轻喜剧侵蚀) - 藤谷ある - 20140501.epub,,,,,,,2014-05-01,我的现实与网游被恋爱喜剧侵蚀了,不妙我的现实和网游正被浪漫轻喜剧侵蚀,no_candidate,
柳田狐狗狸,https://raw.githubusercontent.com/ixinzhi/lightnovel-2009to2013/master/A子与『透』与社团活动时间 - 柳田狐狗狸 - 20131226.epub,,,,,,,2013-12-26,A子与『透』与社团活动时间,,no_candidate,
明坂缀里,https://raw.githubusercontent.com/ixinzhi/lightnovel-2009to2013/master/女高中生店长的便利商店一点也不好玩(女高中生店长的便利店真不轻松啊) - 明坂缀里 - 20131126.epub,,,,,,,2013-11-26,女高中生店长的便利商店一点也不好玩,女高中生店长的便利店真不轻松啊,no_candidate,
冈本タクヤ,https://raw.githubusercontent.com/ixinzhi/lightnovel-2009to2013/master/我的校园生活才正要开始！(我的校园生活才刚刚开始！) - 冈本タクヤ - 20130918.epub,,,,,,,2013-09-18,我的校园生活才正要开始！,我的校园生活才刚刚开始！,no_candidate,
野崎まど,https://raw.githubusercontent.com/ixinzhi/lightnovel-2009to2013/master/何之缘 裕加理君 和白兔的缘会 - 野崎まど - 20130824.epub,,,,,,,2013-08-24,何之缘 裕加理君 和白兔的缘会,,no_candidate,
たきもとまさし,https://raw.githubusercontent.com/ixinzhi/lightnovel-2009to2013/master/Steins；Gate命运石之门 官方小说 - たきもとまさし - 20130524.epub,,,,,,,2013-05-24,Steins；Gate命运石之门 官方小说,,no_candidate,
月见草平,https://raw.githubusercontent.com/ixinzhi/lightnovel-2009to2013/master/想要炼成和学生会长一模一样的女孩子来作恋人的我却因此成了仆人 - 月见草平 - 20130226.epub,,,,,,,2013-02-26,想要炼成和学生会长一模一样的女孩子来作恋人的我却因此成了仆人,,no_candidate,
矢岛さら,https://raw.githubusercontent.com/ixinzhi/lightnovel-2009to2013/master/Tales of Vesperia 薄暮传说 - 矢岛さら - 20121027.epub,,,,,,,2012-10-27,Tales of Vesperia 薄暮传说,,no_candidate,
东川笃哉,https://raw.githubusercontent.com/ixinzhi/lightnovel-2009to2013/master/鲤之洼学园系列 - 东川笃哉 - 20120701.epub,,,,,,,2012-07-01,鲤之洼学园系列,,no_candidate,
东川笃哉,https://raw.githubusercontent.com/ixinzhi/lightnovel-2009to2013/master/放学后再推理 - 东川笃哉 - 20120424.epub,,,,,,,2012-04-24,放学后再推理,,no_candidate,
嬉野秋彦,https://raw.githubusercontent.com/ixinzhi/lightnovel-2009to2013/master/世界树迷宮～逝者的镇魂歌～ - 嬉野秋彦 - 20111129.epub,,,,,,,2011-11-29,世界树迷宮～逝者的镇魂歌～,,no_candidate,
矢岛さら,https://raw.githubusercontent.com/ixinzhi/lightnovel-2009to2013/master/交响曲传奇(仙乐传说) 久远的光辉 - 矢岛さら - 20111031.epub,,,,,,,2011-10-31,交响曲传奇(仙乐传说) 久远的光辉,,no_candidate,
矢岛さら,https://raw.githubusercontent.com/ixinzhi/lightnovel-2009to2013/master/Tales of Eternia 永恒传说 - 矢岛さら - 20110911.epub,,,,,,,2011-09-11,Tales of Eternia 永恒传说,,no_candidate,
矢岛さら,https://raw.githubusercontent.com/ixinzhi/lightnovel-2009to2013/master/Tales of Rebirth 重生传说 - 矢岛さら - 20110425.epub,,,,,,,2011-04-25,Tales of Rebirth 重生传说,,no_candidate,
桑岛由一,https://raw.githubusercontent.com/ixinzhi/lightnovel-2009to2013/master/好想被你喜欢，大沢同学 - 桑岛由一 - 20110311.epub,,,,,,,2011-03-11,好想被你喜欢，大沢同学,,no_candidate,
岩崎夏海,https://raw.githubusercontent.com/ixinzhi/lightnovel-2009to2013/master/如果杜拉(假如高中棒球部的女经理读了德鲁克的《管理学》) - 岩崎夏海 - 20110202.epub,,,,,,,2011-02-02,如果杜拉,假如高中棒球部的女经理读了德鲁克的《管理学》,no_candidate,
镰池和马,https://raw.githubusercontent.com/ixinzhi/lightnovel-2009to2013/master/魔法禁书目录外传 神裂篇 - 镰池和马 - 20110101.epub,,,,,,,2011-01-01,魔法禁书目录外传 神裂篇,,no_candidate,
篠原千绘,https://raw.githubusercontent.com/ixinzhi/lightnovel-2009to2013/master/起死回生的少女 - 篠原千绘 - 20101215.epub,,,,,,,2010-12-15,起死回生的少女,,no_candidate,
系井健一,https://raw.githubusercontent.com/ixinzhi/lightnovel-2009to2013/master/小小破坏者 Little Busters! SSS - 系井健一 - 20101031.epub,,,,,,,2010-10-31,小小破坏者 Little Busters! SSS,,no_candidate,
矢岛さら,https://raw.githubusercontent.com/ixinzhi/lightnovel-2009to2013/master/深渊传说 - 矢岛さら - 20100925.epub,,,,,,,2010-09-25,深渊传说,,no_candidate,
虚渊玄,https://raw.githubusercontent.com/ixinzhi/lightnovel-2009to2013/master/无间地狱(PHANTOM OF INFERNO) - 虚渊玄 - 20100909.epub,,,,,,,2010-09-09,无间地狱,PHANTOM OF INFERNO,no_candidate,
矢岛さら,https://raw.githubusercontent.com/ixinzhi/lightnovel-2009to2013/master/仙乐传说 拉塔特斯克的骑士 - 矢岛さら - 20100908.epub,,,,,,,2010-09-08,仙乐传说 拉塔特斯克的骑士,,no_candidate,
矢岛さら,https://raw.githubusercontent.com/ixinzhi/lightnovel-2009to2013/master/宿命传说 苍黑的思念 - 矢岛さら - 20100907.epub,,,,,,,2010-09-07,宿命传说 苍黑的思念,,no_candidate,
矢岛さら,https://raw.githubusercontent.com/ixinzhi/lightnovel-2009to2013/master/宿命传说(命运传奇) - 矢岛さら - 20100906.epub,,,,,,,2010-09-06,宿命传说,命运传奇,no_candidate,
矢岛さら,https://raw.githubusercontent.com/ixinzhi/lightnovel-2009to2013/master/幻想传说(幻想传奇) - 矢岛さら - 20100906.epub,,,,,,,2010-09-06,幻想传说,幻想传奇,no_candidate,
矢岛さち,https://raw.githubusercontent.com/ixinzhi/lightnovel-2009to2013/master/宵星传说 金色的满月 - 矢岛さち - 20100829.epub,,,,,,,2010-08-29,宵星传说 金色的满月,,no_candidate,
坂东真红郎,https://raw.githubusercontent.com/ixinzhi/lightnovel-2009to2013/master/造梦同人志 - 坂东真红郎 - 20100827.epub,,,,,,,2010-08-27,造梦同人志,,no_candidate,
富野由悠季,https://raw.githubusercontent.com/ixinzhi/lightnovel-2009to2013/master/闪光的哈萨维 - 富野由悠季 - 20100824.epub,,,,,,,2010-08-24,闪光的哈萨维,,no_candidate,
高原寺香月,https://raw.githubusercontent.com/ixinzhi/lightnovel-2009to2013/master/死神官方小说 - 高原寺香月 - 20100617.epub,,,,,,,2010-06-17,死神官方小说,,no_candidate,
矢岛さら,https://raw.githubusercontent.com/ixinzhi/lightnovel-2009to2013/master/宿命传说(命运传奇)2 - 矢岛さら - 20100604.epub,,,,,,,2010-06-04,宿命传说(命运传奇)2,,no_candidate,
KID,https://raw.githubusercontent.com/ixinzhi/lightnovel-2009to2013/master/EVER17 - KID - 20100512.epub,,,,,,,2010-05-12,EVER17,,no_candidate,
树户英斗,https://raw.githubusercontent.com/ixinzhi/lightnovel-2009to2013/master/棒球少女 - 树户英斗 - 20090617.epub,,,,,,,2009-06-17,棒球少女,,no_candidate,
苍羽我,https://raw.githubusercontent.com/ixinzhi/lightnovel-2009to2013/master/波动干涉 - 苍羽我 - 20090327.epub,,,,,,,2009-03-27,波动干涉,,no_candidate,
しめさば,https://raw.githubusercontent.com/ixinzhi/lightnovel-2023/master/刮掉胡子的我与捡到的女高中生(剃须。然后捡到女高中生) - しめさば - UNKNOWN.epub,,,,,,,,刮掉胡子的我与捡到的女高中生,剃须。然后捡到女高中生,no_candidate,
晓夏目,https://raw.githubusercontent.com/ixinzhi/lightnovel-2024/master/为美好的世界献上祝福！(给予这个绝美的世界以祝福！) - 晓夏目 - UNKNOWN.epub,,,,,,,,为美好的世界献上祝福！,给予这个绝美的世界以祝福！,no_candidate,
鸭志田一,https://raw.githubusercontent.com/ixinzhi/lightnovel-2024/master/青春猪头少年不会梦到兔女郎学姊(青春野狼不做兔女郎学姐的梦) - 鸭志田一 - UNKNOWN.epub,,,,,,,,青春猪头少年不会梦到兔女郎学姊,青春野狼不做兔女郎学姐的梦,no_candidate,
理不尽な孙の手,https://raw.githubusercontent.com/ixinzhi/lightnovel-2025/master/无职转生～到了异世界就拿出真本事～(无职转生~在异世界认真地活下去~) - 理不尽な孙の手 - UNKNOWN.epub,,,,,,,,无职转生～到了异世界就拿出真本事～,无职转生~在异世界认真地活下去~,no_candidate,
